{
  "experiment": "EXP-1.1: \u03a9-Function Additivity",
  "n_samples": 100000,
  "max_val": 1000000,
  "summary": {
    "total_pairs": 100000,
    "successes": 100000,
    "failures": 0,
    "success_rate": 1.0,
    "ci_95_lo": 0.9999631118858421,
    "ci_95_hi": 1.0,
    "time_seconds": 26.42612934112549
  },
  "passed": true,
  "results": {
    "omega_values": {
      "1": 15615,
      "3": 49997,
      "2": 42308,
      "6": 13816,
      "4": 39583,
      "5": 25006,
      "8": 3508,
      "7": 7025,
      "9": 1678,
      "10": 768,
      "11": 387,
      "12": 166,
      "14": 37,
      "13": 70,
      "15": 26,
      "16": 4,
      "18": 3,
      "17": 2,
      "19": 1
    }
  },
  "target": "P1 \u00a71.1 Foundation Axiom"
}